{
  "id": "combat-tracker-disposition",
  "title": "Combat Tracker Disposition",
  "description": "Highlight combatants with their token disposition.",
  "version": "v2.0.0",
  "authors": [
    {
      "name": "LebombJames",
      "url": "https://github.com/LebombJames",
      "discord": "lebombjames1"
    }
  ],
  "compatibility": {
    "minimum": "13",
    "verified": "13.344",
    "maximum": "13"
  },
  "url": "https://github.com/LebombJames/combat-tracker-disposition",
  "manifest": "https://raw.githubusercontent.com/LebombJames/combat-tracker-disposition/main/static/module.json",
  "download": "https://github.com/LebombJames/combat-tracker-disposition/releases/download/v2.0.0/combat-tracker-disposition.zip",
  "esmodules": [
    "combat-tracker-disposition.mjs"
  ],
  "styles": [
    "combat-tracker-disposition.css"
  ]
}
